"Modelo","MAE","MSE","RMSE","R2"
"RF",0.176553151974281,0.0554790591140269,0.235539931039361,0.808418798872305
