"Modelo","MAE","MSE","RMSE","R2"
"RF",0.153555490213598,0.0446837309328889,0.211385266593698,0.845852744317301
