"Modelo","MAE","MSE","RMSE","R2"
"RF",0.119080986810899,0.0273625119000297,0.165416177866706,0.906070181221913
