"Modelo","MAE","MSE","RMSE","R2"
"RF",0.16244219921512,0.0536026501490125,0.231522461435198,0.817505918824878
