"Modelo","MAE","MSE","RMSE","R2"
"RF",0.168715820042291,0.0531069660808799,0.23044948704842,0.819150537179124
