"Modelo","MAE","MSE","RMSE","R2"
"RF",0.305992860800434,0.177758007639389,0.421613576203837,0.635778966228794
