"Modelo","MAE","MSE","RMSE","R2"
"RF",0.323539575557743,0.198964857450291,0.446054769563437,0.584652595744288
