"Modelo","MAE","MSE","RMSE","R2"
"RF",0.295414228550229,0.166444463417254,0.40797605740687,0.650976620583284
