"Modelo","MAE","MSE","RMSE","R2"
"RF",0.313982202652088,0.180232209396298,0.424537641907402,0.628476193994716
