"Modelo","MAE","MSE","RMSE","R2"
"RF",0.316484085126084,0.173460469831793,0.416485857901313,0.64899462548932
