"Modelo","MAE","MSE","RMSE","R2"
"svm",0.211479351182655,0.0755609491628703,0.274883519263833,0.733895858172659
