"Modelo","MAE","MSE","RMSE","R2"
"KNN",0.148011210802531,0.0465059984678804,0.215652494694312,0.836170053407338
