"Modelo","MAE","MSE","RMSE","R2"
"rf",0.130560789027823,0.032660512930135,0.180722198221843,0.888187563674348
