"Modelo","MAE","MSE","RMSE","R2"
"svm",0.205385687903496,0.0720413185413084,0.268405138813154,0.746267913778198
