"Modelo","MAE","MSE","RMSE","R2"
"rf",0.139237164496015,0.0355488267184952,0.188543964948484,0.877967382623253
