"Modelo","MAE","MSE","RMSE","R2"
"KNN",0.142257379067369,0.0430584938819846,0.207505406874097,0.848366175918518
