"Modelo","MAE","MSE","RMSE","R2"
"KNN",0.147193721002386,0.0464534879744575,0.215530712369392,0.836503155543015
