"Modelo","MAE","MSE","RMSE","R2"
"rf",0.138289542887701,0.0360121360577345,0.189768638235443,0.875601478575604
