"Modelo","MAE","MSE","RMSE","R2"
"rf",0.135289568352622,0.034780370727739,0.18649496166851,0.880401278403209
