"Modelo","MAE","MSE","RMSE","R2"
"svm",0.217687341490977,0.0804566777723641,0.28364886351326,0.716595976925576
