"Modelo","MAE","MSE","RMSE","R2"
"KNN",0.156694015015907,0.0514267133537092,0.226774587098531,0.818863604404101
