"Modelo","MAE","MSE","RMSE","R2"
"svm",0.204501526884972,0.0710392035603329,0.266531805907537,0.749822521790793
