"Modelo","MAE","MSE","RMSE","R2"
"knn",0.308439656242016,0.192035035547172,0.43821802284613,0.591079086019789
