"Modelo","MAE","MSE","RMSE","R2"
"knn",0.307300062827705,0.191676090821818,0.437808280896808,0.591767632761819
