"Modelo","MAE","MSE","RMSE","R2"
"rf",0.225018954308926,0.10851241366415,0.329412224521419,0.778747137135933
