"Modelo","MAE","MSE","RMSE","R2"
"rf",0.213872767013062,0.101522944155083,0.318626653240251,0.794115411142228
