"Modelo","MAE","MSE","RMSE","R2"
"knn",0.288311150298583,0.176049443587024,0.419582463393102,0.625259832490824
