"Modelo","MAE","MSE","RMSE","R2"
"svm",0.423422235718703,0.310124946402998,0.556888630161362,0.342462464402876
