"Modelo","MAE","MSE","RMSE","R2"
"rf",0.227130286952893,0.111889351440171,0.334498656858545,0.771150510514
