"Modelo","MAE","MSE","RMSE","R2"
"svm",0.423501247450642,0.307604894363617,0.554621397318583,0.349700232713561
