"Modelo","MAE","MSE","RMSE","R2"
"rf",0.209839817999189,0.100893248003995,0.317636975183927,0.793394344504404
