"Modelo","MAE","MSE","RMSE","R2"
"svm",0.41845340535455,0.30330850206477,0.550734511416136,0.357110967855612
