"Modelo","MAE","MSE","RMSE","R2"
"svm",0.425941733011246,0.310280380353663,0.557028168366433,0.342498754753821
