"Modelo","MAE","MSE","RMSE","R2"
"knn",0.314227585427597,0.19252686979126,0.438778839270149,0.590140390607593
